X;Y;SJOID;SNAMN;HARO;KOMMUNNAMN;LANSNAMN;NAME;MEDDJ;MAXDJ;VOLYM;Area_HA;Utpl Kandaröding;Antal (minst);Antal rom (minst);Antal 1959;Stadium 1959;Härst. 1959;Antal 1960;Stadium 1960;Härst. 1960;Antal 1961;Stadium 1961;Härst. 1961;Antal 1962;Stadium 1962;Härst. 1962;Antal 1963;Stadium 1963;Härst. 1963;Antal 1964;St. 1964;Här. 1964;Antal 1965;St. 1965;Här. 1965;Antal 1966;St. 1966;Här. 1966;Antal 1967;St. 1967;Här. 1967;Antal 1968;St. 1968;Här. 1968;Antal 1969;St. 1969;Här. 1969;Antal 1970;St. 1970;Här. 1970;Antal 1971;St. 1971;Här. 1971;Antal 1972;St. 1972;Här. 1972;Antal 1973;St. 1973;Här. 1973;Antal 1974;St. 1974;Här. 1974;Antal 1975;St. 1975;Här. 1975;Antal 1976;St. 1976;Här. 1976;Antal 1977;St. 1977;Här. 1977;Antal 1978;St. 1978;Här. 1978;Antal 1979;St. 1979;Här. 1979;Antal 1980;St. 1980;Här. 1980;Antal 1981;St. 1981;Här. 1981;Antal 1982;St. 1982;Här. 1982;Antal 1983;St. 1983;Här. 1983;Antal 1984;St. 1984;Här. 1984;Antal 1985;St. 1985;Här. 1985;Antal 1986;St. 1986;Här. 1986;Antal 1987;St. 1987;Här. 1987;Antal 1988;St. 1988;Här. 1988;Antal 1989;St. 1989;Här. 1989;Antal 1990;St. 1990;Här. 1990;Antal 1991;St. 1991;Här. 1991;Antal 1992;St. 1992;Här. 1992;Antal 1993;St. 1993;Här. 1993;Antal 1994;St. 1994;Här. 1994;Antal 1995;St. 1995;Här. 1995;Antal 1996;St. 1996;Här. 1996;Okänt år;Antal okänt år;St. okänt år;Här. Okänd;Källa
1418290;6723100;672310-141829;Hulen;53000;Vansbro;Dalarnas län;Bottenhavet;0;0;0;286,11;Ja;0;;;;;;;;;;;;;;;;;;;;;;;;;;;;;;;;;;;;;;;;;;;;;;;;;;;;;;;;;;;;;;;;;;;;;;;;;;;;;;;;;;;;;;;;;;;;;;;;;;;;;;;;;;;;;;;;;;;;Ja;?;;;Lst Z
1433640;6767210;676721-143364;Orsasjön;53000;Mora;Dalarnas län;Bottenhavet;0;94;0;5231,97;Ja;0;;;;;;;;;;;;;;;;;;;;;;;;;;;;;;;;;;;;;;;;;;;;;;;;;;;;;;;;;;;;;;;;;;;;;;;;;;;;;;;;;;;;;;;;;;;;;;;;;;;;;;;;;;;;;;;;;;;;Ja;?;;;Lst W
1471750;6738890;673889-147175;Rällsjön;53000;Falun;Dalarnas län;Bottenhavet;13,1;44,8;42,05;297,75;Ja;0;;;;;;;;;;;;;;;;;;;;;;;;;;;;;;;;;;;;;;;;;;;;;;;;;;;;;;;;;;;;;;;;;;;;;;;;;;;;;;;;;;;;;;;;;;;;;;;;;;;;;;;;;;;;;;;;;;;;Ja;?;;;Lst W
1466560;6689120;668912-146656;Rämen;53000;Ludvika;Dalarnas län;Bottenhavet;0;0;0;750,75;Ja;0;;;;;;;;;;;;;;;;;;;;;;;;;;;;;;;;;;;;;;;;;;;;;;;;;;;;;;;;;;;;;;;;;;;;;;;;;;;;;;;;;;;;;;;;;;;;;;;;;;;;;;;;;;;;;;;;;;;;Ja;?;;;Lst W
1455970;6734900;673490-145597;Siljan;53000;Leksand;Dalarnas län;Bottenhavet;27,8;134;8089;29246,23;Ja;0;;;;;;;;;;;;;;;;;;;;;;;;;;;;;;;;;;;;;;;;;;;;;;;;;;;;;;;;;;;;;;;;;;;;;;;;;;;;;;;;;;;;;;;;;;;;;;;;;;;;;;;;;;;;;;;;;;;;Ja;?;;;Lst W
1428780;6722190;672219-142878;Stora Snesen;53000;Leksand;Dalarnas län;Bottenhavet;0;13,4;0;656;Ja;0;;;;;;;;;;;;;;;;;;;;;;;;;;;;;;;;;;;;;;;;;;;;;;;;;;;;;;;;;;;;;;;;;;;;;;;;;;;;;;;;;;;;;;;;;;;;;;;;;;;;;;;;;;;;;;;;;;;;Ja;?;;;Lst W
1389540;6809140;680914-138954;Trängseldammen;53000;Älvdalen;Dalarnas län;Bottenhavet;0;0;0;3639,37;Ja;14477;;;;;;;;;;;;;;;;;;;;;;;13000;1;;1477;2;Galtström;;;;;;;;;;;;;;;;;;;;;;;;;;;;;;;;;;;;;;;;;;;;;;;;;;;;;;;;;;;;;;;;;;;;;;;;;;;;;;;;;;;;;;;;;;;;Nilsson 1968, Svärdsson och Miezis 1970, LSt W
1348400;6838430;683843-134840;Öresjön;53000;Älvdalen;Dalarnas län;Bottenhavet;0;0;0;172,77;Ja;0;;;;;;;;;;;;;;;;;;;;;;;?;;;;;;;;;;;;;;;;;;;;;;;;;;;;;;;;;;;;;;;;;;;;;;;;;;;;;;;;;;;;;;;;;;;;;;;;;;;;;;;;;;;;;;;;;;;;;;;;;Svärdsson och Nilsson 1984, Lst W
1585400;6879620;687962-158540;Sörfjärden, Gnarp;0;;Gävleborgs län;Bottenhavet;;;;;Ja;439;;;;;;;;;;;;;;;;;;;;;;;;;;;;;;;;439;3;Bergeforsen;;;;;;;;;;;;;;;;;;;;;;;;;;;;;;;;;;;;;;;;;;;;;;;;;;;;;;;;;;;;;;;;;;;;;;;;;;;;;;;;;;;;;;Svärdsson och Miezis 1970
1526440;6894010;689401-152644;Långvattnet;44000;Hudiksvall;Gävleborgs län;Bottenhavet;0;0;0;61,42;Ja;0;;;;;;;;;;;;;;;;;;;;;;;;;;;;;?;;;;;;;;;;;;;;;;;;;;;;;;;;;;;;;;;;;;;;;;;;;;;;;;;;;;;;;;;;;;;;;;;;;;;;;;;;;;;;;;;;;;;;;;;;;Lst X
1571460;6870580;687058-157146;Storsjön;44000;Nordanstig;Gävleborgs län;Bottenhavet;0;32;0;1278,98;Ja;0;;;;;;;;;;;;;;;;;;;;;;;;;;;;;?;;;;;;;;;;;;;;;;;;;;;;;;;;;;;;;;;;;;;;;;;;;;;;;;;;;;;;;;;;;;;;;;;;;;;;;;;;;;;;;;;;;;;;;;;;;Lst X
1554050;6828100;682810-155405;Tolocksjön;46047;Hudiksvall;Gävleborgs län;Bottenhavet;5,7;16;10,133;178,88;Ja;0;;;;;;;;;;;;;;;;;;;;;;;;;;;;;;;;;;;?;;;;;;;;;;;;;;;;;;;;;;;;?;;;;;;;;;;;;;;;;;;;;;;;;;;;;;;;;;;;;;;;;;;;;;;;;;;;;;;;;;;;;;Lst X
1539690;6819620;681962-153969;Bodsjön;48000;Bollnäs;Gävleborgs län;Bottenhavet;0;17;0;55,56;Ja;0;;;;;;;;;;;;;;;;;;;;;;;;;;;;;?;;;;;;;;;;;;;;;;;;;;;;;;;;;;;;;;;;;;;;;;;;;;;;;;;;;;;;;;;;;;;;;;;;;;;;;;;;;;;;;;;;;;;;;;;;;Lst X
1523300;6814400;681440-152330;Galvsjön;48000;Ovanåker;Gävleborgs län;Bottenhavet;0;38;0;905,93;Ja;0;;;;;;;;;;;;;;;;;;;;;;;;;;;;;;;;;;;;;;?;;;;;;;;;;;;;;;;;;;;;;;;;;;;;;;;;;;;;;;;;;;;;;;;;;;;;;;;;;;;;;;;;;;;;;;;;;;;;;;;;;Lst X
1505270;6879310;687931-150527;Hennan;48000;Ljusdal;Gävleborgs län;Bottenhavet;0;0;0;2360,16;Ja;500;;;;;;;;;;;;;;;;;;;;;;;;;;500;2;Galtström;;;;;;;;;;;;;;;;;;;;;;;;;;;;;;;;;;;;;;;;;;;;;;;;;;;;;;;;;;;;;;;;;;;;;;;;;;;;;;;;;;;;;;;;;;;;Svärdsson och Miezis 1970, Lst X
1483250;6837080;683708-148325;Lindstasjön;48000;Ljusdal;Gävleborgs län;Bottenhavet;0;27;0;415,96;Ja;0;;;;;;;;;;;;;;;;;;;;;;;;;;;;;;;;;;;;;;;;;;;;;;;;;;?;;;;;;;;;;;;;;;;;;;;;;;;?;;;;;;;;;;;;;;;;;;;;;;;;;;;;;;;;;;;;;;;;;;;;;;Lst X
1478000;6867030;686703-147800;Ängratörn;48000;Ljusdal;Gävleborgs län;Bottenhavet;0;46;0;117,5;Ja;0;;;;;;;;;;;;;;;;;;;;;;;;;;;;;;;;;;;;;;;;;;;;;;;;;;?;;;?;;;;;;;;;;;;;;;;;;;;;;;;;;;;;;;;;;;;;;;;;;;;;;;;;;;;;;;;;;;;;;;;;;;Lst X
1494980;7054520;705452-149498;Görviksjön;38000;Strömsund;Jämtlands län;Bottenhavet;0;0;0;938,06;Ja;1000;;;;;;;;;;;;;;;;;;;;;;;;;;;;;;;;1000;1;Lycksele;;;;;;;;;;;;;;;;;;;;;;;;;;;;;;;;;;;;;;;;;;;;;;;;;;;;;;;;;;;;;;;;;;;;;;;;;;;;;;;;;;;;;;Svärdsson och Nilsson 1984, LST Z, Lycksele fiskodling
1433700;7143240;714324-143370;Hetögeln;38000;Strömsund;Jämtlands län;Bottenhavet;19,4;58,9;463,5;2296,75;Ja;0;;;;;;;;;;;;;;;;;;;;;;;;;;;;;;;;;;;;;;;;;;;;;;;;;;;;;;;;;;;;;;;;;;;;;;;;;;;;;;;;;;;;;;;;;;;;;;;;;;;;;;;;;;;;;;;;;;;;Ja;?;;Trol. Kvesjön Norge;Filipsson 1994:2
1529400;7080100;708010-152940;Jansjön;38000;Strömsund;Jämtlands län;Bottenhavet;7,8;28;36,3;320,64;Ja;3000;;;;;;;;;;;;;;;;;2000;+;;;;;;;;;;;;;;;;;;;;;;;;;;1000;2;VRF;;;;;;;;;;;;;;;;;;;;;;;;;;;;;;;;;;;;;;;;;;;;;;;;;;;;;;;;;;;;;;;;;;;;;;;;;;Nilsson 1968, Lst Z
1491180;7101370;710137-149118;Järilvattnet;38000;Strömsund;Jämtlands län;Bottenhavet;0;0;0;248,07;Ja;5000;;;;;;;;;;;;;;;;;?;;;;;;;;;;;;;;;;;;;;;;;;?;;;;;;;;;;;;;;;;;;;;;5000;+;Semlan;;;;;;;;;;;;;;;;;;;;;;;;;;;;;;;;;;;;;;;;;;;;;;;;;;;;;;;;Lst Z
1504020;7064900;706490-150402;Stamsele-Viken;38000;Strömsund;Jämtlands län;Bottenhavet;0;0;0;674,28;Ja;1000;;;;;;;;;;;;;;;;;;;;;;;;;;;;;;;;;;;;;;;;;;;;;;;1000;4,5;VRF;;;;;;;;;;;;;;;;;;;;;;;;;;;;;;;;;;;;;;;;;;;;;;;;;;;;;;;;;;;;;;;;;;;;;;;Lst Z
1513640;7106600;710660-151364;Stor-Skirsjön;38000;Strömsund;Jämtlands län;Bottenhavet;0;0;0;882,42;Ja;15000;;;;;;;;;;;;;;;;;15000;+;;;;;;;;;;;;;;;;;;;;;;;;;;;;;;;;;;;;;;;;;;;;;;;;;;;;;;;;;;;;;;;;;;;;;;;;;;;;;;;;;;;;;;;;;;;;;;;;;;;;;;Nilsson 1968
1502220;7049290;704929-150222;Sörviksjön;38000;Strömsund;Jämtlands län;Bottenhavet;0;0;0;574,98;Ja;1000;;;;;;;;;;;;;;;;;;;;;;;;;;;;;;;;1000;1;Lycksele;;;;;;;;;;;;;;;;;;;;;;;;;;;;;;;;;;;;;;;;;;;;;;;;;;;;;;;;;;;;;;;;;;;;;;;;;;;;;;;;;;;;;;Svärdsson och Nilsson 1984, Lst Z, Lycksele fiskodling
1509840;7117160;711716-150984;Tåsjön;38000;Strömsund;Jämtlands län;Bottenhavet;0;48,4;0;4503,64;Ja;6500;;;;;;;;3000;1;Wisconsin;;;;;;;;;;;;;;;;;;;;;;;;;;;;;;;3500;2+;VRF;;;;;;;;;;;;;;;;;;;;;;;;;;;;;;;;;;;;;;;;;;;;;;;;;;;;;;;;;;;;;;;;;;;;;;;;;;;;;Svärdsson och Nilsson 1964, Nilsson 1968, LST Z
1417040;7024960;702496-141704;Alsensjön;40000;Krokom;Jämtlands län;Bottenhavet;0;33;0;2214,55;Ja;4500;;;;;;;;;;;;;;;;;4500;+;;;;;;;;;;;;;;;;;;;;;;;;;;;;;;;;;;;;;;;;;;;;;;;;;;;;;;;;;;;;;;;;;;;;;;;;;;;;;;;;;;;;;;;;;;;;;;;;;;;;;;Nilsson 1968, Svärdsson och Nilsson 1984,
1513350;7004060;700406-151335;Gesunden;40000;Ragunda;Jämtlands län;Bottenhavet;16,8;42;433,2;2978;Ja;13000;;;;;;;;;;;;;;;;;10000;+;VRF;;;;;;;;;;;;;;;;2000;2;Lycksele;;;;;;;;;;;;;;;;;;;1000;2+;VRF;;;;;;;;;;;;;;;;;;;;;;;;;;;;;;;;;;;;;;;;;;;;;;;;;;;;;;;;;;;;;;Nilsson 1968, lst Z, lycksele fiskodling
1430050;7060030;706003-143005;Gysen;40000;Krokom;Jämtlands län;Bottenhavet;0;0;0;1189,56;Ja;10000;;;;;;;;;;;;;;;;;;;;;;;;;;;;;;;;;;;;;;10000;+;Semlan;;;;;;;;;;;;;;;;;;;;;;;;;;;;;;;;;;;;;;;;;;;;;;;;;;;;;;;;;;;;;;;;;;;;;;;;;;;;;;;;LST Z
1375190;7028080;702808-137519;Helgesjön;40000;Åre;Jämtlands län;Bottenhavet;0;0;0;622,16;Ja;0;;;;;;;;;;;;;;15600/2?;1;Finger lakes;;;;15600/2?;1;;;;;;;;;;;;;;;;;;;;;;;;;;;;;;;;;;;;;;;;;;;;;;;;;;;;;;;;;;;;;;;;;;;;;;;;;;;;;;;;;;;;;;;;;;;;;;;;;;;Nilsson 1968
1359280;7069070;706907-135928;Juvuln;40000;Åre;Jämtlands län;Bottenhavet;0;73;0;3756,85;Ja;3000;;;;;;;;;;;;;;;;;3000;+;VRF;;;;;;;;;;;;;;;;;;;;;;;;;;;;;;;;;;;;;;;;;;;;;;;;;;;;;;;;;;;;;;;;;;;;;;;;;;;;;;;;;;;;;;;;;;;;;;;;;;;;;Nilsson 1968, lst Z
1378940;7033620;703362-137894;Kallsjön;40000;Åre;Jämtlands län;Bottenhavet;40,1;134;6140;15854,04;Ja;1347407;834000;?;;Lake Simeoe via dansk odlare;;;;4200;1+;Wisconsin;;;;6000;+;Finger lakes, Lake superior, Bonäshamn;25000;1;VRF;25000;+;VRF;25000;+;VRF;25000;+;VRF;;;;;;;20000;+;VRF;30650;+;VRF;500;2+;VRF;7300;+;VRF;3316;4, 3+, 4+, +;VRF;6996;3, +;VRF;2562;3;VRF;2942;3, 1+;VRF;;;;;;;;;;;;;891;3;VRF;;;;;;;;;;;;;95000;rom;VRF;207000;rom;VRF;100000;rom;VRF;100000;rom;VRF;;;;75000;rom;VRF;268400;rom+yngel;VRF;233300;yngel;VRF;6350;yngel;VRF;77000;rom;VRF;;;;;Svärdsson och Nilsson 1964, Nilsson 1968, Svärdsson och Miezis 1970, Lst Z
1424460;7049700;704970-142446;Landögssjön;40000;Krokom;Jämtlands län;Bottenhavet;0;79;0;4607,41;Ja;71130;;;;;;;;4600/3?; 1, 1+, +?;Wisconsin;;;;4600/3?; 1, 1+, +?;Finger lakes;;;;6000;+;VRF;4600/3?; 1, 1+, +?;Semlan +ev?;500;1+;Semlan;;;;;;;;;;;;;6000;2;VRF;2630;2+;VRF;6000;2, 2+;VRF;6000;2, 2+;VRF;6000;2, 2+;VRF;;;VRF;;;;;;;;;;;;;6000;2, 2+;VRF;;;;;;;;;;;;;6000;2;VRF;6000;90g;VRF;6000;88g;VRF;6000;2;VRF;6000;2;VRF;2000;126g;VRF;;;;;;;;;;;;;;;;;Svärdsson och Nilsson 1964, Nilsson 1968, Svärdsson och Miezis 1970,  Filipsson 1994, LST Z
1421740;7027280;702728-142174;Näldsjön;40000;Krokom;Jämtlands län;Bottenhavet;0;31;0;4180,37;Ja;25000;25000;;;;;;;;;;;;;;;;;;;;;;;;;;;;;;;;;;25000;Rom;;;;;;;;;;;;;;;;;;;;;;;;;;;;;;;;;;;;;;;;;;;;;;;;;;;;;;;;;;;;;;;;;;;;;;;;;;;;;;;;;;;;Lst Z
1464350;7085230;708523-146435;Rodtjärnen;40000;Krokom;Jämtlands län;Bottenhavet;0;0;0;4,69;Ja;2000;;;;;;;;;;;;;;;;;;;;;;;;;;;;;;;;;;;;;;2000;+;;;;;;;;;;;;;;;;;;;;;;;;;;;;;;;;;;;;;;;;;;;;;;;;;;;;;;;;;;;;;;;;;;;;;;;;;;;;;;;;;Lst Z
1553040;6980340;698034-155304;Stor-Gussjön;40000;Ragunda;Jämtlands län;Bottenhavet;7,8;21,7;43,6;570,87;Ja;0;;;;;;;;;;;;;;6000/2?;1, +?;Lake Superior;;;;6000/2?;1, +?;;;;;;;;;;;;;;;;;;;;;;;;;;;;;;;;;;;;;;;;;;;;;;;;;;;;;;;;;;;;;;;;;;;;;;;;;;;;;;;;;;;;;;;;;;;;;;;;;;;Svärdsson och Nilsson 1964, Nilsson 1968
1425340;7102790;710279-142534;Stor-Hasslingen;40000;Krokom;Jämtlands län;Bottenhavet;0;0;0;135,37;Ja;5000;;;;;;;;;;;;;;;;;5000;+;;;;;;;;;;;;;;;;;;;;;;;;;;;;;;;;;;;;;;;;;;;;;;;;;;;;;;;;;;;;;;;;;;;;;;;;;;;;;;;;;;;;;;;;;;;;;;;;;;;;;;Nilsson 1968
1432550;7021720;702172-143255;Storsjön;40000;Krokom;Jämtlands län;Bottenhavet;17,3;74;8018;45633,28;Ja;283042;;;;;;;;;;;91;2+;Wisconsin, Bonäshamn;;;;1000;2;Spokane Wash, Porjus;;;;1500;1+;Semlan;2500;1, 1+;Semlan, Bonäshamn;1500;2, 2+;Semlan;420;2+;Porjus, Bonäshamn;1250;1+;Lycksele;9430;125g, 2+;Bonäshamn+Lycksele;9500;2+;Bonäshamn;7500;2. 2+;Bonäshamn;11130;1, 1+, 2, 2+, +;Bonäshamn, Semlan;14192;2, 1+, 2+, +;Bonäshamn, Semlan;7748;1+, 2+;Bonäshamn;13210;2, 2+;Bonäshamn;7540;100 g;Bonäshamn;7559;160g;Bonäshamn;7627;160g;Bonäshamn;7500;100g;Bonäshamn;7759;2, 2+, 1, 2;Bonäshamn;7500;125g;Bonäshamn;5493;100g;Bonäshamn;7500;80g;Bonäshamn;8025;130g;Bonäshamn;7500;2;Bonäshamn;8464;98g;Bonäshamn;8200;107g, 105g, 129g;Bonäshamn;8649;123g, 111g, 136g, 102g, 103g;Bonäshamn;7953;118g, 125g, 128g;Bonäshamn;7277;180g, 165g, 190g;Bonäshamn;6230;2;Bonäshamn;;;;;;;;;;1971-1981;81295;;;Svärdsson och Nilsson 1964, Nilsson 1968, Svärdsson och Miezis 1970,  Svärdsson och Nilsson 1984, Filipsson 1994, LST Z, lycksele fiskodling
1393910;7015990;701599-139391;Sällsjön;40000;Åre;Jämtlands län;Bottenhavet;0;25,3;0;467,15;Ja;3000;;;;;;;;;;;;;;;;;;;;;;;;;;;;;;;;3000;1;Semlan;;;;;;;;;;;;;;;;;;;;;;;;;;;;;;;;;;;;;;;;;;;;;;;;;;;;;;;;;;;;;;;;;;;;;;;;;;;;;;;;;;;;;;Lst Z
1464370;7091770;709177-146437;Öjarssjön;40000;Strömsund;Jämtlands län;Bottenhavet;0;0;0;523,29;Ja;2000;;;;;;;;;;;;;;;;;;;;;;;;;;;;;;;;;;;2000;+;Semlan;;;;;;;;;;;;;;;;;;;;;;;;;;;;;;;;;;;;;;;;;;;;;;;;;;;;;;;;;;;;;;;;;;;;;;;;;;;;;;;;;;;Lst Z
1513560;7002440;700244-151356;Öratjärnen;40000;Ragunda;Jämtlands län;Bottenhavet;0;0;0;7,77;Ja;2000;;2000;Yngel;HHS;;;;;;;;;;;;;;;;;;;;;;;;;;;;;;;;;;;;;;;;;;;;;;;;;;;;;;;;;;;;;;;;;;;;;;;;;;;;;;;;;;;;;;;;;;;;;;;;;;;;;;;;;;;;;;;;;;;;Lst Z
1433080;7035260;703526-143308;Öster-Näversjön;40000;Krokom;Jämtlands län;Bottenhavet;0;0;0;322,52;Ja;0;;;;;;;;?;?;Lake Simeoe;;;;;;;;;;;;;;;;;;;;;;;;;;;;;;;;;;;;;;;;;;;;;;;;;;;;;;;;;;;;;;;;;;;;;;;;;;;;;;;;;;;;;;;;;;;;;;;;;;;;;;;;;;;;;;Svärdsson och Nilsson 1964, Nilsson 1968
1339660;7026790;698516-151440;Ansjön;42000;Bräcke;Jämtlands län;Bottenhavet;0;31,5;0;846,93;Ja;3500;;;;;;;;;;;;;;;;;;;;;;;;;;;;;;;;;;;;;;;;;;;;;;;;;;;;;;;;;;;;;;;;;;;;;;;;;;;;;;;;;;;;;;;;;;;;;;;;;;;;;;;;;;;;;;;;;;;;Ja;3500;+;;Nilsson 1968
1341560;7035870;696314-139370;Flåsjön;42000;Berg;Jämtlands län;Bottenhavet;5,1;18;10,5;2258,7;Ja;2000;;;;;;;;;;;;;;;;;;;;;;;;;;;;;;;;;;;;;;;;;;;;;;;;;;;;;2000;2;Lycksele;;;;;;;;;;;;;;;;;;;;;;;;;;;;;;;;;;;;;;;;;;;;;;;;;;;;;;;;;;;;;;;;;Lycksele fiskodling
1514400;6985160;692223-144650;Horten;42000;Berg;Jämtlands län;Bottenhavet;0;0;0;613,35;Ja;27400;;;;;;;;;;;;;;;;;15000;+;;12400;1;Galtström;;;;;;;;;;;;;;;;;;;;;;;;;;;;;;;;;;;;;;;;;;;;;;;;;;;;;;;;;;;;;;;;;;;;;;;;;;;;;;;;;;;;;;;;;;;;;;;;;;Nilsson 1968, Lst Z
1393700;6963140;694848-142751;Hålen;42000;Berg;Jämtlands län;Bottenhavet;6,9;22,6;33,8;508,46;Ja;1000;;;;;;;;;;;;;;;;;;;;;;;;;;;;;;;;1000;1;Galtström;;;;;;;;;;;;;;;;;;;;;;;;;;;;;;;;;;;;;;;;;;;;;;;;;;;;;;;;;;;;;;;;;;;;;;;;;;;;;;;;;;;;;;Svärdsson och Nilsson 1984, Lst Z
1446500;6922230;698282-151232;Mellansjön;42000;Bräcke;Jämtlands län;Bottenhavet;0;11,3;0;134,73;Ja;2500;;;;;;;;;;;;;;;;;;;;;;;;;;;;;;;;2500;2;Ovansjö;;;;;;;;;;;;;;;;;;;;;;;;;;;;;;;;;;;;;;;;;;;;;;;;;;;;;;;;;;;;;;;;;;;;;;;;;;;;;;;;;;;;;;Lst Z
1427510;6948480;696633-136939;Storsjön;42000;Berg;Jämtlands län;Bottenhavet;0;27;0;2768,59;Ja;6000;;;;;;;;;;;;;;;;;;;;;;;5000;1;;1000;2;Galtström;;;;;;;;;;;;;;;;;;;;;;;;;;;;;;;;;;;;;;;;;;;;;;;;;;;;;;;;;;;;;;;;;;;;;;;;;;;;;;;;;;;;;;;;;;;;Nilsson 1968, Svärdsson och Miezis 1970
1512320;6982820;685934-141111;Orrmosjön;48000;Härjedalen;Jämtlands län;Bottenhavet;0;0;0;891,79;Ja;0;;;;;;;;;;;;;;;;;;;;;;;;;;;;;;;;;;;;;;;;;?;;;;;;;;;;;;;;;;;;;;;;;;;;;;;;;;;;;;;;;;;;;;;;;;;;;;;;;;;;;;;;;;;;;;;;;;;;;;;;;Lst Z
1369390;6966330;756753-166138;Nakerjaure;1000;Kiruna;Norrbottens län;Bottenviken - Torneälven;0;0;0;647,84;Ja;1400;;;;;;;;;;;;;;;;;;;;;;;1400;1+;;;;;;;;;;;;;;;;;;;;;;;;;;;;;;;;;;;;;;;;;;;;;;;;;;;;;;;;;;;;;;;;;;;;;;;;;;;;;;;;;;;;;;;;;;;;;;;;Nilsson 1968
1455680;6992000;753251-165378;Paittasjärvi;4000;Kiruna;Norrbottens län;Bottenviken;0;0;0;2984,69;Ja;5200;;;;;;;;;;;;;;;;;;;;;;;5200;1+;;;;;;;;;;;;;;;;;;;;;;;;;;;;;;;;;;;;;;;;;;;;;;;;;;;;;;;;;;;;;;;;;;;;;;;;;;;;;;;;;;;;;;;;;;;;;;;;Nilsson 1968
1411110;6859340;748256-170610;Paukijärvi;4000;Gällivare;Norrbottens län;Bottenviken;0;0;0;488,46;Ja;0;;;;;;;;;;;;;;;;;;;;;;;;;;;;;;;;;;;;;;;;;;;;;;;;;;;;;;;;;;;;;;;;;;;;;;;;;;;;;;;;;;;;;;;;;;;;;;;;;;;;;;;;;;;;;;;;;;;;;?;;;Lst BD
1661380;7567530;750033-173866;Sattajärvi;4000;Kiruna;Norrbottens län;Bottenviken;1,2;2,1;1,32;125,39;Ja;0;;;;;;;;;;;;;;;;;;;;;;;;;;;;;?;;;;;;;;;;;;;;;;;;;;;;;;;;;;;;;;;;;;;;;;;;;;;;;;;;;;;;;;;;;;;;;;;;;;;;;;;;;;;;;;;;;;;;;;;;;Svärdsson och Nilsson 1984,
1653780;7532510;747374-171309;Storsjön;4000;Gällivare;Norrbottens län;Bottenviken;0;0;0;376,31;Ja;0;;;;;;;;;;;;;;;;;;;;;;;;;;;;;;;;;;;;;;;;;;;;;;;;;;;;;;;;;;;;;;;;;;;;;;;;;;;;;;;;;;;;;;;;;;;;;;;;;;;;;;;;;;;;;;;;;;;;Ja;?;;;Filipsson 1994, Lst BD
1706100;7482560;748373-168976;Tapmukjaure;4000;Gällivare;Norrbottens län;Bottenviken;0;0;0;144,98;Ja;0;;;;;;;;;;;;;;;;;;;;;;;;;;;;;;;;?;;;;;;;;;;;;;;;;;;;;;;;;;;;;;;;;;;;;;;;;;;;;;;;;;;;;;;;;;;;;;;;;;;;;;;;;;;;;;;;;;;;;;;;;Svärdsson och Nilsson 1984,
1738660;7500330;748162-171329;Tjautjasjaure;4000;Gällivare;Norrbottens län;Bottenviken;0;0;0;367,92;Ja;0;;;;;;;;;;;;;;;;;;;;;;;;;;;;;;;;;;;;;;;;;;;;;;;;;;;;;;;;;;;;;;;;;;;;;;;;;;;;;;;;;;;;;;;;;;;;;;;;;;;;;;;;;;;;;;;;;;;;Ja;?;;;Filipsson 1994, LSt BD
1713090;7473740;741602-180051;Vallsjärv;4000;Överkalix;Norrbottens län;Bottenviken;0;0;0;545,65;Ja;700;;;;;;;;;;;;;;700;1+;Spokane Wash via dansk odlare;;;;;;;;;;;;;;;;;;;;;;;;;;;;;;;;;;;;;;;;;;;;;;;;;;;;;;;;;;;;;;;;;;;;;;;;;;;;;;;;;;;;;;;;;;;;;;;;;;;;;;;;Svärdsson och Nilsson 1964, Nilsson 1968
1689760;7483730;735155-179177;Hovlössjön;6000;Luleå;Norrbottens län;Bottenviken;0;0;0;1046,29;Ja;0;;;;;;;;;;;;;;;;;;;;;;;;;;;;;?;;;;;;;;;;;;;;;;;;;;;;;;;;;;;;;;;;;;;;;;;;;;;;;;;;;;;;;;;;;;;;;;;;;;;;;;;;;;;;;;;;;;;;;;;;;Svärdsson och Nilsson 1984,
1713290;7481620;742666-167549;Harsprångsselet;9000;Jokkmokk;Norrbottens län;Bottenviken;0;0;0;139;Ja;0;;;;;;;;;;;;;;;;;;;;;;;;;;;;;;;;?;;;;;;;;;;;;;;;;;;;;;;;;;;;;;;;;;;;;;;;;;;;;;;;;;;;;;;;;;;;;;;;;;;;;;;;;;;;;;;;;;;;;;;;;Svärdsson och Nilsson 1984,
1800510;7416020;747161-163565;Langas;9000;Gällivare;Norrbottens län;Bottenviken;13,5;73;652,2;5228,55;Ja;5500;;;;;;;;;;;;;;;;;;;;;;;;;;;;;;;;500;2;Kusträsk;;;;;;;;;;;;;5000;2;Lycksele;;;;;;;;;;;;;;;;;;;;;;;;;;;;;;;;;;;;;;;;;;;;;;;;;;;;;;;;;;;;;;;;;;;;;;;Svärdsson och Miezis 1970, lst BD
1791770;7351550;739549-164580;Latunjaure;9000;Jokkmokk;Norrbottens län;Bottenviken;0;0;0;1032,68;Ja;13000;;;;;;;;;;;;;;;;;3400/2?;1, 2?;;;;;3400/2?;1, 2?;;;;;;;;;;;;;;;;;;;;;;;;;;;;;;;;5000;2, 1+;Lycksele;4000;2, 2+;Lycksele;;;;;;;3000;1+;Lycksele;;;;1000;2;Lycksele;;;;;;;;;;;;;;;;;;;;;;;;;;;;;;;;;;;;;;;;;;;;Nilsson 1968, Lycksele fiskodling
1675490;7426660;750099-161739;Lermejaure;9000;Gällivare;Norrbottens län;Bottenviken;0;0;0;445,07;Ja;500;;;;;;;;;;;;;;;;;;;;;;;;;;;;;;;;;;;;;;;;;;;;;;;;;;;;;;;;;;;500;3;Lycksele;;;;;;;;;;;;;;;;;;;;;;;;;;;;;;;;;;;;;;;;;;;;;;;;;;;;;;;;;;;Lst Bd, Lycksele fiskodling
1635650;7471610;741849-167985;Ligga-Dämningsområde;9000;Jokkmokk;Norrbottens län;Bottenviken;0;0;0;106,13;Ja;750;;;;;;;;;;;;;;;;;;;;;;;;;;;;;;;;;;;;;;;;;;;;;;;;;;;;;;;;;;;;;;;;;;;;;;;;;;;;;;;;;;;;;;;;;;;;;;;750;3;Lycksele;;;;;;;;;;;;;;;;;;;;;;;Lycksele fiskodling
1645800;7395490;740537-169963;Messauremagasinet;9000;Jokkmokk;Norrbottens län;Bottenviken;0;0;0;2120,38;Ja;1500;;;;;;;;;;;;;;;;;500;2;Spokane Wash via dansk odlare, Porjus;;;;;;;;;;;;;;;;;;;;;;;;;;;;;;;;;;1000;2+;Lycksele;;;;;;;;;;;;;;;;;;;;;;;;;;;;;;;;;;;;;;;;;;;;;;;;;;;;;;;;;;;;;;;;;Svärdsson och Nilsson 1964, Nilsson 1968, Svärdsson och Miezis 1970, LSt BD, Lycksele
1617390;7500990;739584-165743;Pielnejaure;9000;Jokkmokk;Norrbottens län;Bottenviken;0;0;0;579,89;Ja;0;;;;;;;;;;;;;;;;;;;;;;;;;;?;;;;;;;;;;;;;;;;;;;;;;;;;;;;;;;;;;;;;;;;;;;;;;;;;;;;;;;;;;;;;;;;;;;;;;;;;;;;;;;;;;;;;;;;;;;;;;Svärdsson och Nilsson 1984,
1679850;7418490;737840-171613;Porsidammen;9000;Jokkmokk;Norrbottens län;Bottenviken;0;0;0;811,8;Ja;500;;;;;;;;;;;;;;;;;500;2;Spokane Wash via dansk odlare, Porjus;;;;;;;;;;;;;;;;;;;;;;;;;;;;;;;;;;;;;;;;;;;;;;;;;;;;;;;;;;;;;;;;;;;;;;;;;;;;;;;;;;;;;;;;;;;;;;;;;;;;;Svärdsson och Nilsson 1964, Nilsson 1968, Svärdsson och Miezis 1970
1699630;7405370;749570-161470;Pätsasj;9000;Gällivare;Norrbottens län;Bottenviken;0;0;0;1325,75;Ja;0;;;;;;;;;;;;;;;;;;;;;;;;;;;;;;;;;;;;;;;;;;;;;;;;;;;;;;;;;;;;;;;;;;;;;;;;;;;;;;;;;;;;;;;;;;;;;;;;;;;;;;;;;;;;;;;;;;;;;?;;;Lst BD
1657430;7395840;744959-154802;Råvvejaure;9000;Jokkmokk;Norrbottens län;Bottenviken;0;0;0;743,86;Ja;0;;;;;;;;;;;;;;;;;;;;;;;;;;;;;;;;;;;;;;;;;;;;;;;;;;;;;;;;;;;;;;;;;;;;;;;;;;;;;;;;;;;;;;;;;;;;;;;;;;;;;;;;;;;;;;;;;;;;Ja;?;;;Lst BD
1716130;7378400;749241-161291;Satihaure;9000;Gällivare;Norrbottens län;Bottenviken;0;0;0;6890,92;Ja;10000;;;;;;;;;;;;;;;;;;;;;;;;;;;;;;;;;;;;;;;;;;;;;;;10000;2;Lycksele;;;;;;;;;;;;;;;;;;;;;;;;;;;;;;;;;;;;;;;;;;;;;;;;;;;;;;;;;;;;;;;;;;;Ja;?;;;Lst BD
1614700;7495700;744265-167316;Stora Lulevatten;9000;Jokkmokk;Norrbottens län;Bottenviken;9,3;28,5;1310,5;16270,3;Ja;23849;;;;;;;;;;;;;;;;;;;;;;;;;;;;;;;;999;2;Kusträsk;;;;;;;16600;2;Lycksele;;;;;;;5000;2;Lycksele;500;2;Lycksele;;;;;;;;;;;;;;;;;;;;;;;;;;;;;;;;;;;;;;;;750;3;Lycksele;;;;;;;;;;;;;;;;;;;;;;;Svärdsson och Miezis 1970, Lycksele fiskodling
1548020;7449590;738681-168003;Sör-Tjalmejaure;9000;Jokkmokk;Norrbottens län;Bottenviken;0;0;0;262,52;Ja;1000;;;;;;;;;;;;;;1000;1+;Spokane Wash via dansk odlare;;;;;;;;;;;;;;;;;;;;;;;;;;;;;;;;;;;;;;;;;;;;;;;;;;;;;;;;;;;;;;;;;;;;;;;;;;;;;;;;;;;;;;;;;;;;;;;;;;;;;;;;Svärdsson och Nilsson 1964, Nilsson 1968
1612910;7492410;738202-158831;Tjeggelvas;13000;Arjeplog;Norrbottens län;Bottenviken;0;65;0;6688,78;Ja;0;;;;;;;;;;;;;;;;;;;;;;;;;;;;;;;;;;;;;;;;;;;;;;;;;;;;;;;;;;;;;;;;;;;;;;;;;;;;;;;;;;;;;;;;;;;;;;;;;;;;;;;;;;;;;;;;;;;;Ja;?;;;Lst BD
1673160;7442650;727151-170332;Inre Huvträsket;17000;Piteå;Norrbottens län;Bottenviken;0;0;0;58,9;Ja;2300;;;;;;;;;;;;;;;;;2300;+;;;;;;;;;;;;;;;;;;;;;;;;;;;;;;;;;;;;;;;;;;;;;;;;;;;;;;;;;;;;;;;;;;;;;;;;;;;;;;;;;;;;;;;;;;;;;;;;;;;;;;Nilsson 1968
1680030;7386810;728111-169808;Stor-Arbost;17000;Arvidsjaur;Norrbottens län;Bottenviken;0;0;0;125,5;Ja;0;;;;;;;;;;;;;;;;;;+;;;;;;;;;;;;;;;;;;;;;;;;;;;;;;;;;;;;;;;;;;;;;;;;;;;;;;;;;;;;;;;;;;;;;;;;;;;;;;;;;;;;;;;;;;;;;;;;;;;;;;Nilsson 1968
1588310;7382020;727125-170353;Yttre Huvträsket;17000;Piteå;Norrbottens län;Bottenviken;0;0;0;29,87;Ja;1700;;;;;;;;;;;;;;;;;1700;+;;;;;;;;;;;;;;;;;;;;;;;;;;;;;;;;;;;;;;;;;;;;;;;;;;;;;;;;;;;;;;;;;;;;;;;;;;;;;;;;;;;;;;;;;;;;;;;;;;;;;;Nilsson 1968
1703320;7271510;728786-160751;Storavan;20000;Arjeplog;Norrbottens län;Bottenviken;7,1;21;1394,58;18355,11;Ja;4511;;;;;;;;;;;;;;;;;;;;;;;;;;250;1+;Kvistforsen;261;2+;Kvistforsen;1000;2;Kusträsk;;;;3000;2;Lycksele;;;;;;;;;;;;;;;;;;;;;;;;;;;;;;;;;;;;;;;;;;;;;;;;;;;;;;;;;;;;;;;;;;;;;;;;;;;;;;;;Svärdsson och Miezis 1970, lycksele fiskodling
1698080;7281110;737161-154576;Sädvajaure;20000;Arjeplog;Norrbottens län;Bottenviken;23,7;120;762;4011,48;Ja;0;;;;;;;;;;;;;;;;;;;;;;;;;;;;;;;;;;;;;;;;;;;;;;;;;;;;;;;;;;;;;;;;;;;;;;;;;;;;;;;;;;;;;;;;;;;;;;;;;;;;;;;;;;;;;;;;;;;;;?;;;Lst BD
1703530;7271250;730691-160221;Uddjaure;20000;Arjeplog;Norrbottens län;Bottenviken;0;0;0;24883,69;Ja;1327;;;;;;;;;;;;;;;;;;;;;;;;;;250;1+;Kvistforsen;279;2+;Kvistforsen;798;2;Lycksele;;;;;;;;;;;;;;;;;;;;;;;;;;;;;;;;;;;;;;;;;;;;;;;;;;;;;;;;;;;;;;;;;;;;;;;;;;;;;;;;;;;;;;Svärdsson och Miezis 1970, Svärdsson och Nilsson 1984, Lyscksele fiskodling
1607510;7287860;624180-141251;Immeln;87000;Kristianstad;Skåne län;Södra Östersjön;7,2;28;160,649;2242,88;Ja;0;;;;;;;;;;;;;;;;;10000/2?;+;;10000/2?;+;;;;;;;;;;;;;;;;;;;;;;;;;;;;;;;;;;;;;;;;;;;;;;;;;;;;;;;;;;;;;;;;;;;;;;;;;;;;;;;;;;;;;;;;;;;;;;;;;;;Nilsson 1968
1545760;7371610;621669-141629;Ivösjön;87000;Bromölla;Skåne län;Södra Östersjön;0;50;0;5016,84;Ja;0;;;;;;;;;;;;;;;;;;;;;;;;;;;;;;;;;;;;;;;;;?;;;;;;;;;;;;;;;;;;;;;;;;;;;;;;;;;;;;;;;;;;;;;;;;;;;;;;;;;;;;;;;?;;Nymölla fiskodling;;;;;;;;;;;;;;Svärdsson och Nilsson 1984, Länsstyrelsen Skåne
1602210;7306910;658080-162871;Mälaren;61000;Stockholm;Stockholms län;Norra Östersjön;12,8;66;14356;107836,31;Ja;997;;;;;;;;;;;;;;;;;10000/2?;1;Finger lakes;;;;10000/2?;1;;997;1, 2;Semlan;;;;;;;;;;;;;;;;;;;;;;;;;;;;;;;;;;;;;;;;;;;;;;;;;;;;;;;;;;;;;;;;;;;;;;;;;;;;;;;;;;;;;;;;;;;;Svärdsson och Nilsson 1964, Nilsson 1968, Svärdsson och Miezis 1970
1412510;6241800;662322-139339;Alstern;108000;Filipstad;Värmlands län;Västerhavet;0;64;0;884,79;Ja;252;;;;;;;;;;;;;;;;;;;;;;;;;;252;3+;Höljesdammen;;;;;;;;;;;;;;;;;;;;;;;;;;;;;;;;;;;;;;;;;;;;;;;;;;;;;;;;;;;;;;;;;;;;;;;;;;;;;;;;;;;;;;;;;;;;Svärdsson och Miezis 1970
1416290;6216690;676382-132326;Höljessjön;108000;Torsby;Värmlands län;Västerhavet;0;0;0;1587,62;Ja;7500;;;;;;;;;;;;;;;;;;;;7500;1+, +;;;;;;;;;;;;;;;;;;;;;;;;;;;;;;;;;;;;;;;;;;;;;;;;;;;;;;;;;;;;;;;;;;;;;;;;;;;;;;;;;;;;;;;;;;;;;;;;;;;Nilsson 1968
1628710;6580800;665547-137657;Rådasjön;108000;Hagfors;Värmlands län;Västerhavet;22,8;83;236,73;1105,6;Ja;4000;;;;;;;;;;;;;;;;;;;;4000;+;;;;;;;;;;;;;;;;;;;;;;;;;;;;;;;;;;;;;;;;;;;;;;;;;;;;;;;;;;;;;;;;;;;;;;;;;;;;;;;;;;;;;;;;;;;;;;;;;;;Nilsson 1968
1393390;6623220;663277-130387;Ränken;108000;Eda;Värmlands län;Västerhavet;18,4;34;282,418;1469,14;Ja;1000;;;;;;;;;;;;;;;;;1000;+;;;;;;;;;;;;;;;;;;;;;;;;;;;;;;;;;;;;;;;;;;;;;;;;;;;;;;;;;;;;;;;;;;;;;;;;;;;;;;;;;;;;;;;;;;;;;;;;;;;;;;Nilsson 1968
1323260;6763820;661264-136508;Visten;108000;Forshaga;Värmlands län;Västerhavet;0;34;0;3205,94;Ja;1000;;;;;;;;;;;;;;;;;;;;1000;+;;;;;;;;;;;;;;;;;;;;;;;;;;;;;;;;;;;;;;;;;;;;;;;;;;;;;;;;;;;;;;;;;;;;;;;;;;;;;;;;;;;;;;;;;;;;;;;;;;;Nilsson 1968
1376570;6655470;658701-133732;Värmeln;108000;Grums;Värmlands län;Västerhavet;0;0;0;7468,9;Ja;0;;;;;;;;;;;;;;;;;7000/2?;+;;7000/2?;+;;;;;;;;;;;;;;;;;;;;;;;;;;;;;;;;;;;;;;;;;;;;;;;;;;;;;;;;;;;;;;;;;;;;;;;;;;;;;;;;;;;;;;;;;;;;;;;;;;;Nilsson 1968
1303870;6632770;664198-135102;Övre Fryken;108000;Sunne;Värmlands län;Västerhavet;0;93;0;4190,84;Ja;6000;;;;;;;;;;;;;;;;;6000;+;;;;;;;;;;;;;;;;;;;;;;;;;;;;;;;;;;;;;;;;;;;;;;;;;;;;;;;;;;;;;;;;;;;;;;;;;;;;;;;;;;;;;;;;;;;;;;;;;;;;;;Nilsson 1968
1365080;6612640;660366-130564;Övre Gla;108000;Arvika;Värmlands län;Västerhavet;19,9;63;238,413;1323;Ja;2000;;;;;;;;;;;;;;;;;2000;1;;;;;;;;;;;;;;;;;;;;;;;;;;;;;;;;;;;;;;;;;;;;;;;;;;;;;;;;;;;;;;;;;;;;;;;;;;;;;;;;;;;;;;;;;;;;;;;;;;;;;;Nilsson 1968
1337320;6587010;726269-161911;Laggträsket;20000;Malå;Västerbottens län;Bottenviken;0;0;0;33,46;Ja;2000;;;;;;;;;;;;;;;;;;;;;;;2000;2;;;;;;;;;;;;;;;;;;;;;;;;;;;;;;;;;;;;;;;;;;;;;;;;;;;;;;;;;;;;;;;;;;;;;;;;;;;;;;;;;;;;;;;;;;;;;;;;Nilsson 1968
1351020;6641980;719869-169236;Sikträsket;20000;Norsjö;Västerbottens län;Bottenviken;0;0;0;606,98;Ja;8000;;;;;;;;;;;;;;;;;;;;;;;8000;+;;;;;;;;;;;;;;;;;;;;;;;;;;;;;;;;;;;;;;;;;;;;;;;;;;;;;;;;;;;;;;;;;;;;;;;;;;;;;;;;;;;;;;;;;;;;;;;;Nilsson 1968
1305640;6603660;723360-162707;Släppträsket;20000;Malå;Västerbottens län;Bottenviken;0;0;0;808,2;Ja;4100;;;;;;;;;;;;;;;;;;;;4100;+;;;;;;;;;;;;;;;;;;;;;;;;;;;;;;;;;;;;;;;;;;;;;;;;;;;;;;;;;;;;;;;;;;;;;;;;;;;;;;;;;;;;;;;;;;;;;;;;;;;Nilsson 1968
1619110;7262690;723501-164588;Stora Skäppträsket;20000;Malå;Västerbottens län;Bottenviken;0;32,1;0;1144,35;Ja;6300;;;;;;;;;;;;;;;;;;;;;;;;;;;;;;;;1500;2;Lycksele;;;;1000;2;Lycksele;;;;;;;;;;1300;2;Lycksele;;;;;;;;;;;;;;;;;;;1000;1+;Lycksele;1500;2;Lycksele;;;;;;;;;;;;;;;;;;;;;;;;;;;;;;;;;;;;;;;;;;;;Svärdsson och Miezis 1970, Lycksele fiskodling
1692360;7198690;721872-168280;Vargforsdammen;20000;Norsjö;Västerbottens län;Bottenviken;0;0;0;785,84;Ja;2200;;;;;;;;;;;;;;;;;2200;+;;;;;;;;;;;;;;;;;;;;;;;;;;;;;;;;;;;;;;;;;;;;;;;;;;;;;;;;;;;;;;;;;;;;;;;;;;;;;;;;;;;;;;;;;;;;;;;;;;;;;;Nilsson 1968
1627070;7233600;725160-161029;Västra Verbosjön;20000;Sorsele;Västerbottens län;Bottenviken;0;0;0;711,97;Ja;3000;;;;;;;;;;;;;;;;;3000;+;;;;;;;;;;;;;;;;;;;;;;;;;;;;;;;;;;;;;;;;;;;;;;;;;;;;;;;;;;;;;;;;;;;;;;;;;;;;;;;;;;;;;;;;;;;;;;;;;;;;;;Nilsson 1968, Tommy Stenlund
1645880;7235010;717481-168062;Lossmenträsket;26000;Skellefteå;Västerbottens län;Bottenviken;0;0;0;534,45;Ja;0;;;;;;;;;;;;;;;;;;;;;;;;;;;;;;;;;;;;;;;;;;;;;;;;;;;;;;;;;;;;;;;;;;;;;;;;;;;;;;;;;;;;;;;;;;;;;;;;;;;;;;;;;;;;;;;;;;;;Ja;;;;Nilsson 1968
1682800;7218720;710401-171080;Tavelsjön;27000;Umeå;Västerbottens län;Bottenviken;7;25;73,18;974,48;Ja;5000;;;;;;;;;;;;;;;;;;;;;;;5000;+;;;;;;;;;;;;;;;;;;;;;;;;;;;;;;;;;;;;;;;;;;;;;;;;;;;;;;;;;;;;;;;;;;;;;;;;;;;;;;;;;;;;;;;;;;;;;;;;Nilsson 1968
1610290;7251600;725785-158986;Abmoträsket;28000;Sorsele;Västerbottens län;Bottenviken;0;0;0;1019,66;Ja;5000;;;;;;;;;;;;;;;;;5000;+;;;;;;;;;;;;;;;;;;;;;;;;;;;;;;;;;;;;;;;;;;;;;;;;;;;;;;;;;;;;;;;;;;;;;;;;;;;;;;;;;;;;;;;;;;;;;;;;;;;;;;Nilsson 1968, LST Ac
1705890;7156390;729880-146497;Bastan;28000;Storuman;Västerbottens län;Bottenviken;0;0;0;13,01;Ja;2000;;;;;;;;;;;;;;;;;;;;;;;;;;;;;;;;;;;;;;;;;;;;;;;;;;2000;2+;;;;;;;;;;;;;;;;;;;;;;;;;;;;;;;;;;;;;;;;;;;;;;;;;;;;;;;;;;;;;;;;;;;;;Lst Ac
1681920;7179180;725177-151865;Bastansjön;28000;Storuman;Västerbottens län;Bottenviken;0;0;0;373,51;Ja;1000;;;;;;;;;;;;;;;;;;;;;;;;;;;;;;;;;;;;;;;;;;;;;;;;;;1000;+;Lycksele;;;;;;;;;;;;;;;;;;;;;;;;;;;;;;;;;;;;;;;;;;;;;;;;;;;;;;;;;;;;;;;;;;;;Lycksele fiskodling
1680620;7174810;712186-167990;Bjurfors Ö Dämmområde;28000;Vindeln;Västerbottens län;Bottenviken;0;0;0;196,93;Ja;499;;;;;;;;;;;;;;;;;;;;;;;;;;;;;499;2;Lycksele;;;;;;;;;;;;;;;;;;;;;;;;;;;;;;;;;;;;;;;;;;;;;;;;;;;;;;;;;;;;;;;;;;;;;;;;;;;;;;;;;;;;;;;;;Svärdsson och Miezis 1970
1710800;7104010;719662-160777;Blåviken;28000;Lycksele;Västerbottens län;Bottenviken;0;0;0;1721,48;Ja;3000;;;;;;;;;;;;;;;;;;;;;;;;;;3000;1+;Lycksele, svensk+ finsk härstamn;;;;;;;;;;;;;;;;;;;;;;;;;;;;;;;;;;;;;;;;;;;;;;;;;;;;;;;;;;;;;;;;;;;;;;;;;;;;;;;;;;;;;;;;;;;;Svärdsson och Miezis 1970, Lycksele fiskodling
1589860;7257850;727018-154718;Fjosoken;28000;Sorsele;Västerbottens län;Bottenviken;15,7;62,2;210,5;1281,54;Ja;6000;;;;;;;;;;;;;;;;;;;;?;;;;;;;;;500;2;Lycksele;;;;;;;;;;;;;;;;;;;2500;2, 1+;Lycksele;;;;1000;2;Lycksele;;;;;;;;;;;;;;;;;;;;;;;;;;;;;;;;;;;;;;;;;;;;;;;;;;;;;;;;;;;2000;1;;Nilsson 1968, Svärdsson och Miezis 1970,Svärdsson och Nilsson 1984, Andersson 1978, LST Ac
1464970;7298800;726380-150241;Gardiken;28000;Storuman;Västerbottens län;Bottenviken;18,3;61,5;240,6;5675,99;Ja;17750;;;;;;;;;;;;;;;;;;;;;;;;;;;;;1000;2;Lycksele;500;2;Lycksele;;;;;;;;;;;;;;;;1500;1+;Lycksele;5500;2+;Lycksele;8000;2;Lycksele;1250;3;Lycksele;;;;;;;;;;;;;;;;;;;;;;;;;;;;;;;;;;;;;;;;;;;;;;;;;;;;;;;;;;;Svärdsson och Miezis 1970, lycksele fiskodling
1518650;7251770;731461-152261;Gautsträsk;28000;Sorsele;Västerbottens län;Bottenviken;0;44,9;0;551,74;Ja;1000;;;;;;;;;;;;;;;;;;;;;;;;;;;;;;;;;;;;;;;;;;;;;;;1000;2;Lycksele;;;;;;;;;;;;;;;;;;;;;;;;;;;;;;;;;;;;;;;;;;;;;;;;;;;;;;;;;;;;;;;;;;;;;;;LST Ac
1679900;7121860;720771-158367;Grundforsdammen;28000;Storuman;Västerbottens län;Bottenviken;0;0;0;1179,78;Ja;500;;;;;;;;;;;;;;;;;;;;;;;;;;;;;500;2;Lycksele;;;;;;;;;;;;;;;;;;;;;;;;;;;;;;;;;;;;;;;;;;;;;;;;;;;;;;;;;;;;;;;;;;;;;;;;;;;;;;;;;;;;;;;;;Svärdsson och Miezis 1970
1607770;7196620;727782-148680;Göuta;28000;Storuman;Västerbottens län;Bottenviken;17,2;58;531,2;3163,05;Ja;57053;;;;;;;;;;;;;;;;;;;;3000;+;;;;;1939;1+;Lycksele, svensk+ finsk härstamn;999;2;Lycksele, svensk+ finsk härstamn;2440;1+, 2;Lycksele;900;1+;;;;;1400;1;Lycksele;1400;1;Lycksele;13000;yngel, 1+;Lycksele;12000;Yngel, 1;Lycksele;15000;1+, 1, yngel;Lycksele;3000;1, 2;Lycksele;1275;2+, 3, 2;Lycksele;;;;;;;;;;;;;;;;;;;;;;;;;;;;;;;;;;;;;;;;700;3;Lycksele;;;;;;;;;;;;;;;;;Nilsson 1968, Svärdsson och Miezis 1970, Andersson 1978, lst Ac, lycksele fiskodling
1547180;7270180;715545-164780;Lill-Tannselet;28000;Lycksele;Västerbottens län;Bottenviken;0;0;0;815,95;Ja;500;;;;;;;;;;;;;;;;;;;;;;;;;;;;;500;2;Lycksele;;;;;;;;;;;;;;;;;;;;;;;;;;;;;;;;;;;;;;;;;;;;;;;;;;;;;;;;;;;;;;;;;;;;;;;;;;;;;;;;;;;;;;;;;Svärdsson och Miezis 1970
1502410;7263800;723100-153461;Långvattnet;28000;Storuman;Västerbottens län;Bottenviken;0;0;0;1764,41;Ja;37000;;;;;;;;;;;;;;;;;;;;;;;;;;;;;;;;30000;Yngel;Lycksele;;;;7000;2;Lycksele;;;;;;;;;;;;;;;;;;;;;;;;;;;;;;;;;;;;;;;;;;;;;;;;;;;;;;;;;;;;;;;;;;;;;;;;;;;;;;;;Lst Ac, lycksele fiskodling
1522610;7314610;718116-161684;Rusfors Dämningsområde;28000;Lycksele;Västerbottens län;Bottenviken;0;0;0;1019,61;Ja;928;;;;;;;;;;;;;;;;;;;;;;;;;;;;;928;2;Lycksele, svensk+ finsk härstamn;;;;;;;;;;;;;;;;;;;;;;;;;;;;;;;;;;;;;;;;;;;;;;;;;;;;;;;;;;;;;;;;;;;;;;;;;;;;;;;;;;;;;;;;;Svärdsson och Miezis 1970
1583670;7207710;727529-147653;Stor-Björkvattnet;28000;Storuman;Västerbottens län;Bottenviken;30,2;65,5;878;2538,09;Ja;1250;;;;;;;;;;;;;;;;;;;;;;;;;;;;;500;2;Lycksele;500;2;Lycksele;;;;;;;;;;;;;;;;;;;;;;;;;250;3;Lycksele;;;;;;;;;;;;;;;;;;;;;;;;;;;;;;;;;;;;;;;;;;;;;;;;;;;;;;;;;;;Svärdsson och Miezis 1970
1486800;7277820;724736-157114;Storjuktan;28000;Sorsele;Västerbottens län;Bottenviken;8,1;32,4;216,4;5524,96;Ja;5079;;;;;;;;;;;;;;;;;;;;;;;;;;;;;499;2+;Lycksele;;;;?;2;;580;2+;Lycksele;500;1+;Lycksele;;;;;;;3500;2, 1+;Lycksele;;;;;;;;;;;;;;;;;;;;;;;;;;;;;;;;;;;;;;;;;;;;;;;;;;;;;;;;;;;;;;;;;;;;Svärdsson och Miezis 1970, Andersson 1978, Lycksele fiskodling
1647800;7155450;729320-147860;Stor-Laisan;28000;Storuman;Västerbottens län;Bottenviken;10,3;28,1;148,372;1306,08;Ja;12500;;;;;;;;;;;;;;;;;10500/2?;+;;10500/2?;+;;;;;;;;1000;2;Lycksele, finsk+ svensk härstamning;1000;2;Lycksele;;;;;;;;;;;;;;;;;;;;;;;;;;;;;;;;;;;;;;;;;;;;;;;;;;;;;;;;;;;;;;;;;;;;;;;;;;;;;;;;;;;;;;Nilsson 1968, Svärdsson och Miezis 1970, Lycksele fiskodling
1534610;7231000;731799-151196;Stor-Tjulträsket;28000;Sorsele;Västerbottens län;Bottenviken;21,2;38;114;524,69;Ja;9000;;;;;;;;;;;;;;;;;;;;;;;6000;1;;;;;;;;;;;;;;;;;2000;2;Lycksele;;;;1000;2;Lycksele;;;;;;;;;;;;;;;;;;;;;;;;;;;;;;;;;;;;;;;;;;;;;;;;;;;;;;;;;;;;;;;;;;;;;;;Nilsson 1968, Filipsson 1994, lst ac
1616840;7181160;722188-156091;Storuman;28000;Storuman;Västerbottens län;Bottenviken;0;135;0;17071,89;Ja;7950;;;;;;;;;;;;;;;;;;;;2000;+;;;;;1000;1+;Lycksele, svensk+ finsk härstamn;530;2;Lycksele, svensk+ finsk härstamn;500;2;Lycksele;2500;2+, 1+;Lycksele;920;2+, 2;Lycksele;500;1+;Lycksele;;;;;;;;;;;;;;;;;;;;;;;;;;;;;;;;;;;;;;;;;;;;;;;;;;;;;;;;;;;;;;;;;;;;;;;;;;;;;Nilsson 1968, Svärdsson och Miezis 1970, Andersson 1978, Lycksele fiskodling
1476530;7275290;709271-170693;Umeälven Norrfors;28000;Umeå;Västerbottens län;Bottenviken;;;;;Ja;10000;;;;;;;;;;;;;;;;;;;;;;;;;;;;;;;;;;;10000;yngel;Lycksele;;;;;;;;;;;;;;;;;;;;;;;;;;;;;;;;;;;;;;;;;;;;;;;;;;;;;;;;;;;;;;;;;;;;;;;;;;;;;;;;;;;Lycksele fiskodling
1571140;7247360;725798-151702;Umnässjön;28000;Storuman;Västerbottens län;Bottenviken;16,7;43,8;219,3;1277,3;Ja;3000;;;;;;;;;;;;;;;;;;;;;;;;;;;;;;;;;;;;;;;;;;;;;;;3000;2;Lycksele;;;;;;;;;;;;;;;;;;;;;;;;;;;;;;;;;;;;;;;;;;;;;;;;;;;;;;;;;;;;;;;;;;;;;;;Lycksele fiskodling
1478600;7293200;713662-168962;Yttersjön;28000;Vindeln;Västerbottens län;Bottenviken;0;0;0;136,71;Ja;1500;;;;;;;;;;;;;;;;;1500;2;;;;;;;;;;;;;;;;;;;;;;;;;;;;;;;;;;;;;;;;;;;;;;;;;;;;;;;;;;;;;;;;;;;;;;;;;;;;;;;;;;;;;;;;;;;;;;;;;;;;;;Nilsson 1968, Filipsson 1994
1511960;7317990;728880-152075;Överstjuktan;28000;Sorsele;Västerbottens län;Bottenviken;20,3;51;475;2313,92;Ja;3800;;;;;;;;;;;;;;;;;;;;;;;;;;;;;;;;;;;;;;;;;;;;;;;;;;;;;;;;;;;;;;;;;;;;;;;;;;;;;;;;;;;;;;2800;3;Lycksele;;;;;;;500;3;Lycksele;;;;;;;;;;500;3;Lycksele;;;;;;;;;;;LST Ac. Lycksele fiskodling
1560910;7221880;727825-150614;Övre Boksjön;28000;Storuman;Västerbottens län;Bottenviken;24,3;67;258;1089,27;Ja;1000;;;;;;;;;;;;;;;;;;;;;;;;;;;;;;;;;;;;;;;;;;;;;;;;;;1000;1+;Lycksele;;;;;;;;;;;;;;;;;;;;;;;;;;;;;;;;;;;;;;;;;;;;;;;;;;;;;;;;;;;;;;;;;;;;Lycksele fiskodling
1706930;7092710;709758-167299;Lill-Armsjön;29000;Bjurholm;Västerbottens län;Bottenviken;5,1;17,3;8,96;154,99;Ja;5200;;;;;;;;;;;;;;;;;;;;5000;+;;;;;;;;;;;200;2;Lycksele;;;;;;;;;;;;;;;;;;;;;;;;;;;;;;;;;;;;;;;;;;;;;;;;;;;;;;;;;;;;;;;;;;;;;;;;;;;;;;;;;;;;;;Nilsson 1968, Lycksele fiskodling
1517020;7257980;710279-167016;Stor-Armsjön;29000;Bjurholm;Västerbottens län;Bottenviken;4,3;16;14,168;292,55;Ja;5000;;;;;;;;;;;;;;;;;;;;5000;+;;;;;;;;;;;;;;;;;;;;;;;;;;;;;;;;;;;;;;;;;;;;;;;;;;;;;;;;;;;;;;;;;;;;;;;;;;;;;;;;;;;;;;;;;;;;;;;;;;;Nilsson 1968
1689620;7136620;716717-158596;Stor-Arasjön;30000;Vilhelmina;Västerbottens län;Bottenviken;0;0;0;712,94;Ja;3000;;;;;;;;;;;;;;;;;3000;2;;;;;;;;;;;;;;;;;;;;;;;;;;;;;;;;;;;;;;;;;;;;;;;;;;;;;;;;;;;;;;;;;;;;;;;;;;;;;;;;;;;;;;;;;;;;;;;;;;;;;;Nilsson 1968
1520750;7288800;713718-163736;Vänjaurträsket;30000;Lycksele;Västerbottens län;Bottenviken;0;0;0;176,6;Ja;10000;;;;;;;;;;;;;;;;;;;;;;;3000;+;;7000;1+, +;Lycksele fiskodling;;;;;;;;;;;;;;;;;;;;;;;;;;;;;;;;;;;;;;;;;;;;;;;;;;;;;;;;;;;;;;;;;;;;;;;;;;;;;;;;;;;;;;;;;;;;Nilsson 1968
1506140;7278250;717326-160121;Örträsket;30000;Lycksele;Västerbottens län;Bottenviken;0;0;0;29,19;Ja;7000;;;;;;;;;;;;;;;;;;;;;;;;;;7000;0+;Lycksele;;;;;;;;;;;;;;;;;;;;;;;;;;;;;;;;;;;;;;;;;;;;;;;;;;;;;;;;;;;;;;;;;;;;;;;;;;;;;;;;;;;;;;;;;;;;Lycksele fiskodling
1658240;7156890;711126-163674;Lögdasjön;32000;Åsele;Västerbottens län;Bottenhavet;0;0;0;1304,46;Ja;5000;;;;;;;;;;;;;;5000;+;Lake superior;;;;;;;;;;;;;;;;;;;;;;;;;;;;;;;;;;;;;;;;;;;;;;;;;;;;;;;;;;;;;;;;;;;;;;;;;;;;;;;;;;;;;;;;;;;;;;;;;;;;;;;;Svärdsson och Nilsson 1964, Nilsson 1968
1644630;7173340;711554-159143;Storsjön;34000;Åsele;Västerbottens län;Bottenhavet;0;0;0;487,84;Ja;2000;;;;;;;;;;;;;;;;;;;;2000;+;;;;;;;;;;;;;;;;;;;;;;;;;;;;;;;;;;;;;;;;;;;;;;;;;;;;;;;;;;;;;;;;;;;;;;;;;;;;;;;;;;;;;;;;;;;;;;;;;;;Nilsson 1968
1672990;7097580;716685-156225;Bomsjön;38000;Vilhelmina;Västerbottens län;Bottenhavet;0;0;0;422,52;Ja;4000;;;;;;;;;;;;;;;;;4000;+;;;;;;;;;;;;;;;;;;;;;;;;;;;;;;;;;;;;;;;;;;;;;;;;;;;;;;;;;;;;;;;;;;;;;;;;;;;;;;;;;;;;;;;;;;;;;;;;;;;;;;Nilsson 1968
1670160;7102790;724249-151911;Harrsjön;38000;Storuman;Västerbottens län;Bottenhavet;0;0;0;172,07;Ja;1000;;;;;;;;;;;;;;;;;;;;;;;;;;;;;;;;;;;;;;;;;;;;;;;;;;1000;+;Lycksele;;;;;;;;;;;;;;;;;;;;;;;;;;;;;;;;;;;;;;;;;;;;;;;;;;;;;;;;;;;;;;;;;;;;Lycksele fiskodling
1585960;7167170;711787-154187;Lavsjön;38000;Dorotea;Västerbottens län;Bottenhavet;0;0;0;356,46;Ja;0;;;;;;;;?;;;?;;;;;;4100/2?;+;;4100/2?;+;;;;;;;;;;;;;;;;;;;;;;;;;;;;;;;;;;;;;;;;;;;;;;;;;;;;;;;;;;;;;;;;;;;;;;;;;;;;;;;;;;;;;;;;;;;;;;;;;;;Nilsson 1968, LST Ac
1637360;7137180;717181-153354;Malgomaj;38000;Vilhelmina;Västerbottens län;Bottenhavet;40,3;110,7;3117;10277,14;Ja;35750;;;;;;;;;;;;;;;;;;;;29000;+;;;;;;;;;;;1500;2;Lycksele;1250;1+;Lycksele;2000;2+;Lycksele;2000;2+;Lycksele;;;;;;;;;;;;;;;;;;;;;;;;;;;;;;;;;;;;;;;;;;;;;;;;;;;;;;;;;;;;;;;;;;;;;;;;;;;;;Nilsson 1968, Svärdsson och Miezis 1970, Lycksele fiskodling
1601210;7173260;713709-151486;Ormsjön;38000;Dorotea;Västerbottens län;Bottenhavet;7,8;26,6;194,6;2741,91;Ja;5000;;;;;;;;;;;;;;;;;5000;1, 1+;;;;;;;;;;;;;;;;;;;;;;;;;;;;;;;;;;;;;;;;;;;;;;;;;;;;;;;;;;;;;;;;;;;;;;;;;;;;;;;;;;;;;;;;;;;;;;;;;;Ev 1955;;;;Nilsson 1968, LST Ac
1636740;7111260;717146-149481;Stor-Arksjön;38000;Dorotea;Västerbottens län;Bottenhavet;5,2;14,4;41,917;872,23;Ja;0;;;;;;;;;;;;;;;;;1500/2?;+;;1500/2?;+;;;;;;;;;;;;;;;;;;;;;;;;;;;;;;;;;;;;;;;;;;;;;;;;;;;;;;;;;;;;;;;;;;;;;;;;;;;;;;;;;;;;;;;;;;;;;;;Ev 1955;;;;Nilsson 1968, LST Ac
1591430;7115540;719563-154452;Vojmsjön;38000;Vilhelmina;Västerbottens län;Bottenhavet;39,3;130;3114;8344,56;Ja;6498;;;;;;;;;;;;;;;;;3500;2;Spokane Wash via dansk odlare, Porjus;;;;;;;498;1+;Lövliden;;;;2500;2;Lycksele;;;;;;;;;;;;;;;;;;;;;;;;;;;;;;;;;;;;;;;;;;;;;;;;;;;;;;;;;;;;;;;;;;;;;;;;;;;;;;;;;;;;;;Svärdsson och Nilsson 1964, Nilsson 1968, Svärdsson och Miezis 1970, Lycksele fiskodling
1562250;7166850;692335-159633;Åstön;0;;Västernorrland län;Bottenhavet;;;;;Ja;642;;;;;;;;;;;;;;;;;;;;;;;;;;;;;642;2+;Bergeforsen;;;;;;;;;;;;;;;;;;;;;;;;;;;;;;;;;;;;;;;;;;;;;;;;;;;;;;;;;;;;;;;;;;;;;;;;;;;;;;;;;;;;;;;;;Svärdsson och Miezis 1970
1519110;7242490;706634-165801;Inre Lemesjön;33000;Örnsköldsvik;Västernorrland län;Bottenhavet;8,4;26;67,416;802,39;Ja;1000;;;;;;;;;;;;;;;;;1000;2;;;;;;;;;;;;;;;;;;;;;;;;;;;;;;;;;;;;;;;;;;;;;;;;;;;;;;;;;;;;;;;;;;;;;;;;;;;;;;;;;;;;;;;;;;;;;;;;;;;;;;Nilsson 1968
1541870;7117870;706190-164799;Långvattnet;33000;Örnsköldsvik;Västernorrland län;Bottenhavet;0;0;0;198,16;Ja;0;;;;;;;;;;;;;;;;;;;;;;;;;;?;;;;;;;;;;;;;;;;;;;;;;;;;;;;;;;;;;;;;;;;;;;;;;;;;;;;;;;;;;;;;;;;;;;;;;;;;;;;;;;;;;;;;;;;;;;;;;Svärdsson och Nilsson 1985
1533540;7171810;706097-166229;Yttre Lemesjön;33000;Örnsköldsvik;Västernorrland län;Bottenhavet;0;0;0;807,82;Ja;1000;;;;;;;;;;;;;;;;;1000;2;;;;;;;;;;;;;;;;;;;;;;;;;;;;;;;;;;;;;;;;;;;;;;;;;;;;;;;;;;;;;;;;;;;;;;;;;;;;;;;;;;;;;;;;;;;;;;;;;;;;;;Nilsson 1968
1514860;7137090;707458-164762;Önskasjön;33000;Örnsköldsvik;Västernorrland län;Bottenhavet;15,6;52;134,847;847,67;Ja;6400;;;;;;;;;;;;;;;;;6400;1, 2;;;;;;;;;;;;;;;;;;;;;;;;;;;;;;;;;;;;;;;;;;;;;;;;;;;;;;;;;;;;;;;;;;;;;;;;;;;;;;;;;;;;;;;;;;;;;;;;;;;;;;Nilsson 1968
1494810;7171460;702822-164581;Bergsjön;35036;Örnsköldsvik;Västernorrland län;Bottenhavet;0;0;0;13,91;Ja;2650;;;;;;;;2650;1;Wisconsin;;;;;;;;;;;;;;;;;;;;;;;;;;;;;;;;;;;;;;;;;;;;;;;;;;;;;;;;;;;;;;;;;;;;;;;;;;;;;;;;;;;;;;;;;;;;;;;;;;;;;;;;;;;;;;Svärdsson och Nilsson 1964, Nilsson 1968
1544520;7195630;704262-163744;Volmtjärnen;36000;Örnsköldsvik;Västernorrland län;Bottenhavet;0;0;0;15,91;Ja;0;;;;;;;;;;;;;;;;;?;;;;;;;;;;;;;;;;;;;;;;;;;;;;;;;;;;;;;;;;;;;;;;;;;;;;;;;;;;;;;;;;;;;;;;;;;;;;;;;;;;;;;;;;;;;;;;;;;;;;;;;Svärdsson och Nilsson 1984,
1596330;6923350;701551-161967;Hinnsjön;37000;Örnsköldsvik;Västernorrland län;Bottenhavet;10,3;30;62,711;600,87;Ja;0;;;;;;;;;;;;;;;;;;;;;;;;;;;;;;;;?;;;;;;;;;;;;;;;;;;;;;;;;;;;;;;;;;;;;;;;;;;;;;;;;;;;;;;;;;;;;;;;;;;;;;;;;;;;;;;;;;;;;;;;;Svärdsson och Nilsson 1984,
1658010;7066340;701656-162938;Kornsjösjön;37000;Örnsköldsvik;Västernorrland län;Bottenhavet;0;0;0;278,02;Ja;0;;;;;;;;;;;;;;;;;;;;;;;;;;;;;?;;;;;;;;;;;;;;;;;;;;;;;;;;;;;;;;;;;;;;;;;;;;;;;;;;;;;;;;;;;;;;;;;;;;;;;;;;;;;;;;;;;;;;;;;;;Svärdsson och Nilsson 1984,
1647990;7061900;701410-161582;Stor-Åbodsjön;37000;Örnsköldsvik;Västernorrland län;Bottenhavet;0;0;0;52,61;Ja;0;;;;;;;;;;;;;;;;;;;;;;;;;;;;;;;;?;;;;;;;;;;;;;;;;;;;;;;;;;;;;;;;;;;;;;;;;;;;;;;;;;;;;;;;;;;;;;;;;;;;;;;;;;;;;;;;;;;;;;;;;Svärdsson och Nilsson 1984,
1662290;7060970;707027-154763;Betarsjön;38000;Sollefteå;Västernorrland län;Bottenhavet;9,8;43,2;324,14;3408,6;Ja;0;;;;;;;;;;;;;;29500/2?;+;Lake superior;29500/2?;+;;;;;;;;;;;;;;;;;;;;;;;;;;;;;;;;;;;;;;;;;;;;;;;;;;;;;;;;;;;;;;;;;;;;;;;;;;;;;;;;;;;;;;;;;;;;;;;;;;;;;;Svärdsson och Nilsson 1964, Nilsson 1968
1647620;7074580;705917-154820;Långbjörns Dämningsomr;38000;Sollefteå;Västernorrland län;Bottenhavet;0;0;0;190,68;Ja;498;;;;;;;;;;;;;;;;;;;;;;;;;;;;;498;2;Lövliden;;;;;;;;;;;;;;;;;;;;;;;;;;;;;;;;;;;;;;;;;;;;;;;;;;;;;;;;;;;;;;;;;;;;;;;;;;;;;;;;;;;;;;;;;Svärdsson och Miezis 1970
1633750;7045260;703137-156094;Torningsjön;38000;Sollefteå;Västernorrland län;Bottenhavet;0;0;0;85,52;Ja;0;;;;;;;;;;;;;;;;;;;;;;;;;;;;;?;;;;;;;;;;;;;;;;;;;;;;;;;;;;;;;;;;;;;;;;;;;;;;;;;;;;;;;;;;;;;;;;;;;;;;;;;;;;;;;;;;;;;;;;;;;Svärdsson och Nilsson 1984,
1645810;7028220;693522-158149;Bergeforsens Dämningsomr;40000;Timrå;Västernorrland län;Bottenhavet;0;0;0;348,08;Ja;0;;;;;;;;;;;;;;;;;;;;;;;;;;;;;?;;;;;;;;;;;;;;;;;;;;;;;;;;;;;;;;;;;;;;;;;;;;;;;;;;;;;;;;;;;;;;;;;;;;;;;;;;;;;;;;;;;;;;;;;;;Svärdsson och Nilsson 1984,
1637440;7042620;690830-156389;Lindsjön;42000;Sundsvall;Västernorrland län;Bottenhavet;0;0;0;160,47;Ja;0;;;;;;;;;;;;;;;;;;;;;;;;;;?;;;;;;;;;;;;;;;;;;;;;;;;;;;;;;;;;;;;;;;;;;;;;;;;;;;;;;;;;;;;;;;;;;;;;;;;;;;;;;;;;;;;;;;;;;;;;;Svärdsson och Nilsson 1984,
1619670;7015510;690199-158016;Öjen;42000;Sundsvall;Västernorrland län;Bottenhavet;0;0;0;739,4;Ja;0;;;;;;;;;;;;;;;;;;;;;;;;;;?;;;;;;;;;;;;;;;;;;;;;;;;;;;;;;;;;;;;;;;;;;;;;;;;;;;;;;;;;;;;;;;;;;;;;;;;;;;;;;;;;;;;;;;;;;;;;;Svärdsson och Nilsson 1984,
1629380;7016560;695460-155017;Indalälven, Liden;40000;;Västernorrland län;Bottenhavet;;;;;Ja;656;;;;;;;;;;;;;;;;;;;;;;;;;;;;;656;2+;Bergeforsen;;;;;;;;;;;;;;;;;;;;;;;;;;;;;;;;;;;;;;;;;;;;;;;;;;;;;;;;;;;;;;;;;;;;;;;;;;;;;;;;;;;;;;;;;Svärdsson och Miezis 1970
1615820;7014100;700985-164203;Nätra;0;;Västernorrlands län;Bottenhavet;;;;;Ja;439;;;;;;;;;;;;;;;;;;;;;;;;;;;;;;;;439;3;Bergeforsen;;;;;;;;;;;;;;;;;;;;;;;;;;;;;;;;;;;;;;;;;;;;;;;;;;;;;;;;;;;;;;;;;;;;;;;;;;;;;;;;;;;;;;Svärdsson och Miezis 1970
1547630;7070270;693110-159853;Åvike;0;;Västernorrlands län;Bottenhavet;;;;;Ja;429;;;;;;;;;;;;;;;;;;;;;;;;;;;;;;;;429;3;Bergeforsen;;;;;;;;;;;;;;;;;;;;;;;;;;;;;;;;;;;;;;;;;;;;;;;;;;;;;;;;;;;;;;;;;;;;;;;;;;;;;;;;;;;;;;Svärdsson och Miezis 1970
1548200;7059170;639248-129354;Östra Ingsjön;107000;Mark;Västra Götalands län;Västerhavet;19,1;50;34,4;176,23;Ja;1500;;;;;;;;;;;;;;;;;;;;;;;;;;;;;;;;;;;;;;;;;;;;;;;;;;;;;;;;;;;;;;;;;;;;;;;;;;;;;1500;20cm;;;;;;;;;;;;;;;;;;;;;;;;;;;;;;;;;;;;;;;;;;Länsstyrelsen västra Götaland
1560940;7031370;643499-130158;Anten;108000;Alingsås;Västra Götalands län;Västerhavet;13,4;27;239,737;1837,78;Ja;3000;;;;;;;;;;;;;;;;;1000;+;;2000;+;;;;;;;;;;;;;;;;;;;;;;;;;;;;;;;;;;;;;;;;;;;;;;;;;;;;;;;;;;;;;;;;;;;;;;;;;;;;;;;;;;;;;;;;;;;;;;;;;;;Nilsson 1968, Länsstyrelsen västra Götaland
1561100;7001200;642138-130063;Mjörn;108000;Alingsås;Västra Götalands län;Västerhavet;15,7;48;855,01;5459,41;Ja;2000;;;;;;;;;;;;;;;;;2000;+;;;;;;;;;;;;;;;;;;;;;;;;;;;;;;;;;;;;;;;;;;;;;;;;;;;;;;;;;;;;;;;;;;;;;;;;;;;;;;;;;;;;;;;;;;;;;;;;;;;;;;Nilsson 1968
1595550;7087390;647666-129906;Vänern;108000;Vänersborg;Västra Götalands län;Västerhavet;0;0;0;551912,64;Ja;0;;;;;;;;;;;;;;3330/2?;;Finger lakes;3330/2?;1;Finger lakes, Semlan;;;;;;;;;;;;;;;;;;;;;;;;;;;;;;;;;;;;;;;;;;;;;;;;;;;;;;;;;;;;;;;;;;;;;;;;;;;;;;;;;;;;;;;;;;;;;;;;;;;;;Svärdsson och Nilsson 1964, Nilsson 1968, Svärdsson och Miezis 1970
1581490;6935220;652611-131035;Ånimmen;108000;Mellerud;Västra Götalands län;Västerhavet;0;0;0;1580,7;Ja;1000;;;;;;;;;;;;;;;;;1000;+;;;;;;;;;;;;;;;;;;;;;;;;;;;;;;;;;;;;;;;;;;;;;;;;;;;;;;;;;;;;;;;;;;;;;;;;;;;;;;;;;;;;;;;;;;;;;;;;;;;;;;Nilsson 1968
1563890;6908300;650250-153437;Bråviken;0;;Östergötlands län;Södra Östersjön;;;;;Ja;1000;;;;;;;;;;;;;;;;;1000;1;Finger lakes, Semlan;;;;;;;;;;;;;;;;;;;;;;;;;;;;;;;;;;;;;;;;;;;;;;;;;;;;;;;;;;;;;;;;;;;;;;;;;;;;;;;;;;;;;;;;;;;;;;;;;;;;;Svärdsson och Miezis 1970
1580160;6901990;699200-145568;Hornsjön;42000;Östersund;Jämtlands län;Bottenhavet;7,2;20,5;6,29;97,85;Ja?;0;;;;;;;;;;;;;;;;;;;;;;;;;;?;;;;;;;;;;;;;;;;;;;;;;;;;;;;;;;;;;;;;;;;;;;;;;;;;;;;;;;;;;;;;;;;;;;;;;;;;;;;;;;;;;;;;;;;;;;;;;Svärdsson och Nilsson 1984,
1573510;6897670;715639-170589;Järvträsket;24000;Skellefteå;Västerbottens län;Bottenviken;4,5;15;4,32;96,54;Ja?;3000;;;;;;;;;;;;;;;;;3000;+;;;;;;;;;;;;;;;;;;;;;;;;;;;;;;;;;;;;;;;;;;;;;;;;;;;;;;;;;;;;;;;;;;;;;;;;;;;;;;;;;;;;;;;;;;;;;;;;;;;;;;Nilsson 1968
1550170;6954600;715689-165824;Klarvattutjärnen;28000;Vindeln;Västerbottens län;Bottenviken;0;0;0;25,36;Ja?;0;;;;;;;;;;;;;;;;;?;;;;;;;;;;;;;;;;;;;;;;;;;;;;;;;;;;;;;;;;;;;;;;;;;;;;;;;;;;;;;;;;;;;;;;;;;;;;;;;;;;;;;;;;;;;;;;;;;;;;;;;Svärdsson och Nilsson 1984,
1642030;7009850;717334-164463;Klarvattutjärnen;28000;Lycksele;Västerbottens län;Bottenviken;0;0;0;19,35;Ja?;0;;;;;;;;;;;;;;;;;?;;;;;;;;;;;;;;;;;;;;;;;;;;;;;;;;;;;;;;;;;;;;;;;;;;;;;;;;;;;;;;;;;;;;;;;;;;;;;;;;;;;;;;;;;;;;;;;;;;;;;;;Svärdsson och Nilsson 1984,
1598530;6931100;704526-163375;Mörtsjön;34000;Örnsköldsvik;Västernorrland län;Bottenhavet;3,9;14;5,373;138,18;Ja?;0;;;;;?;;;;;;;;;;;;;;;;;;;;;;;;;;;;;;;;;;;;;;;;;;;;;;;;;;;;;;;;;;;;;;;;;;;;;;;;;;;;;;;;;;;;;;;;;;;;;;;;;;;;;;;;;;;;;;;;;;;Svärdsson och Nilsson 1984,
1293540;6392480;700120-156110;Bäckingestjärnen;38000;Sollefteå;Västernorrland län;Bottenhavet;0;0;0;2,39;Ja?;0;;;;;?;;;;;;;;;;;;;;;;;;;;;;;;;;;;;;;;;;;;;;;;;;;;;;;;;;;;;;;;;;;;;;;;;;;;;;;;;;;;;;;;;;;;;;;;;;;;;;;;;;;;;;;;;;;;;;;;;;;Svärdsson och Nilsson 1984,
1301580;6434990;708739-159555;Kastjärnarna;38000;Örnsköldsvik;Västernorrland län;Bottenhavet;0;0;0;9,12;Ja?;0;;;;;;;;;;;;;;;;;;;;;;;;;;?;;;;;;;;;;;;;;;;;;;;;;;;;;;;;;;;;;;;;;;;;;;;;;;;;;;;;;;;;;;;;;;;;;;;;;;;;;;;;;;;;;;;;;;;;;;;;;Svärdsson och Nilsson 1984,
1300630;6421380;689767-157351;Hornsjön;42000;Sundsvall;Västernorrland län;Bottenhavet;3,9;25,4;8,94;219,46;Ja?;0;;;;;;;;;;;;;;;;;;;;;;;;;;?;;;;;;;;;;;;;;;;;;;;;;;;;;;;;;;;;;;;;;;;;;;;;;;;;;;;;;;;;;;;;;;;;;;;;;;;;;;;;;;;;;;;;;;;;;;;;;Svärdsson och Nilsson 1984,
1299060;6476660;702679-133966;Ånnsjön;40000;Åre;Jämtlands län;Bottenhavet;0;0;0;5749,58;Olaglig;0;;;;;;;;;;;;;;;;;;;;;;;;;;;;;;;;;;;;;;;;;;;;;;;;;;;;;;;;;;;;;;;;;;;;;;;;;;;;;;;;;;;;;;;;;;;;;;;;;;;;;;;;;;;;;;;;;;;;Ja;?;;;Filipsson 1994
1310350;6526110;649029-145550;Vättern;67000;Motala;Östergötlands län;Södra Östersjön;40,8;120;77640;188597,74;Splejk;0;;;;;;;;;;;;;;;;;;;;;;;;;;;;;;;;;;;;;;;;;;;;;;;;;;;;;;;;;;;;;;;;;;;;;;;;;;;;;;;;;;;;;;;;;;;;;;;;;;;;;;;;;;;;;;;;;;;;Ja;?;;;Lst jönköing
1534370;6502500;703587-134156;Gevsjön;40000;Åre;Jämtlands län;Bottenhavet;0;31,6;0;1123,7;Spridning;0;;;;;;;;;;;;;;;;;;;;;;;;;;;;;;;;;;;;;;;;;;;;;;;;;;;;;;;;;;;;;;;;;;;;;;;;;;;;;;;;;;;;;;;;;;;;;;;;;;;;;;;;;;;;;;;;;;;;Ja;?;;;Filipsson 1994
